{"cameraMode":{"drawMode":0,"name":"Shaded","section":"Shading Mode"},"sceneLighting":true,"audioPlay":false,"sceneViewState":{"m_AlwaysRefresh":false,"showFog":true,"showSkybox":true,"showFlares":true,"showImageEffects":true,"showParticleSystems":true,"showVisualEffectGraphs":true,"m_FxEnabled":true},"in2DMode":false,"pivot":{"x":5.960464477539063e-8,"y":0.8995541334152222,"z":0.03226293623447418},"rotation":{"x":0.1050361841917038,"y":-0.4919856786727905,"z":0.059936609119176868,"w":0.8621666431427002},"size":1.4607298374176026,"orthographic":false}