{"cameraMode":{"drawMode":0,"name":"Shaded","section":"Shading Mode"},"sceneLighting":true,"audioPlay":false,"sceneViewState":{"m_AlwaysRefresh":false,"showFog":true,"showSkybox":true,"showFlares":true,"showImageEffects":true,"showParticleSystems":true,"showVisualEffectGraphs":true,"m_FxEnabled":true},"in2DMode":false,"pivot":{"x":24.191362380981447,"y":0.8384753465652466,"z":23.303760528564454},"rotation":{"x":0.23243360221385957,"y":-0.2894027829170227,"z":0.07266456633806229,"w":0.9257138967514038},"size":4.936318397521973,"orthographic":false}